Ravenclaw,Slytherin,Gryffindor,Hufflepuff
-1.5127445365376542,-2.028089335283363,-1.9470843765634578,-1.1145472311255753
1.0706997471431494,1.0096026769051936,-0.4519354968084257,-1.6405690164380007
0.403844614000445,-1.6020869781524885,0.23281448502974492,0.9966761508281158
1.560627696701403,-0.7128958559333892,-0.9545573469213327,0.14178308716162566
0.29814282765817385,0.23258146648513825,-1.4592519173298157,0.9769292528837257
1.1428236891249863,-0.49764626599724004,1.073364354804089,-1.7243687801116807
